title,company,location,skills,link,salary_min,salary_max,mid_salary,is_remote,has_english
Privacy Data Analyst with Spanish,TP Poland Sp. z o.o.,Kraków,"['Obsługa klienta', 'Protocols', 'Communication skills', 'Google Workspace']",/pl/job/privacy-data-analyst-with-spanish-tp-poland-cracow,5500.0,6500.0,6000.0,False,False
Privacy Data Analyst with Italian,TP Poland Sp. z o.o.,Kraków,"['Obsługa klienta', 'Protocols', 'Communication skills', 'Google Workspace']",/pl/job/privacy-data-analyst-with-italian-tp-poland-cracow,6000.0,7000.0,6500.0,False,False
Privacy Data Analyst with Swedish,TP Poland Sp. z o.o.,Kraków,"['Obsługa klienta', 'Protocols', 'Communication skills', 'Google Workspace']",/pl/job/privacy-data-analyst-with-swedish-tp-poland-cracow,7000.0,8000.0,7500.0,False,False
Regulatory Data Analyst  NOWA,Diverse CG Sp. z o.o. Sp.k.,Łódź,"['Data', 'Data analytics', 'Data migration', 'DORA']",/pl/job/regulatory-data-analyst-diverse-cg-sp-k--lodz,16800.0,18480.0,17640.0,False,False
Data & Agile Delivery Analyst  NOWA,Ework Group,Wrocław,"['Data', 'SQL', 'Power BI', 'Jira']",/pl/job/data-agile-delivery-analyst-ework-group-wroclaw,18480.0,22680.0,20580.0,False,False
Data Analyst (Capital Reporting Support)  NOWA,Ework Group,Warszawa,"['Data', 'SQL', 'Python', 'UAT']",/pl/job/data-analyst-capital-reporting-support-ework-group-warszawa,20160.0,24360.0,22260.0,False,False
Senior Business Analyst (Data & Analytics)  NOWA,hubQuest,Zdalnie,"['Business Analysis', 'Business analysis', 'Stakeholder management', 'Data Requirements Management']",/pl/job/senior-business-analyst-data-analytics-hubquest-remote-1,23500.0,28500.0,26000.0,True,False
Senior Data Quality Management Analyst (Tech Business Analyst)  NOWA,Antal,Kraków,"['Data', 'Business Analyst', 'GCP', 'BigQuery']",/pl/job/senior-data-quality-management-analyst-tech-business-analyst-antal-krakow,,,,False,False
Technical Business Data Analyst  NOWA,Verita HR,Kraków,"['Business Analysis', 'Data analytics', 'Business analysis', 'Hadoop']",/pl/job/technical-business-data-analyst-verita-hr-krakow,24000.0,28500.0,26250.0,False,False
"Data Analyst (with Chinese, Japanese, Korean) (Sourcing Requisition)",Capgemini,Warszawa,"['Data', 'Data analytics', 'Excel', 'Power BI']",/pl/job/data-analyst-with-chinese-japanese-korean-sourcing-requisition-capgemini-warszawa,,,,False,False
Senior Data Analyst SQL  NOWA,Makeitright Sp. z o.o.,Warszawa,"['Business Analysis', 'SQL', 'C', 'UAT']",/pl/job/senior-data-analyst-sql-makeitright-warszawa,23520.0,28560.0,26040.0,False,False
Reference Data Analyst  NOWA,Link Group,Warszawa,"['Data', 'Data analysis', 'Reference Data', 'Data quality']",/pl/job/reference-data-analyst-link-group-warszawa,20000.0,30000.0,25000.0,False,False
Data Analyst/Scrum Master  NOWA,"AVENGA (Agencja Pracy, nr KRAZ: 8448)",Wrocław,"['Data', 'SQL', 'Data modeling', 'Power BI']",/pl/job/data-analyst-scrum-master-avenga-agencja-pracy-nr-kraz-8448-wroclaw,19000.0,21000.0,20000.0,False,False
Data Analyst  NOWA,Link Group,Zdalnie,"['Data', 'SQL', 'Tableau', 'Power BI']",/pl/job/data-analyst-link-group-remote-6,14000.0,17000.0,15500.0,True,False
Business Analyst (Data Governance)  NOWA,Scalo,Zdalnie,"['Data', 'Ab Initio', 'SQL', 'angielski']",/pl/job/business-analyst-data-governance-scalo-remote,19320.0,21000.0,20160.0,True,True
Data Quality Analyst (French Speaking)  NOWA,Square One Resources,Zdalnie,"['Business Analysis', 'Excel', 'Google Sheets', 'Google Analytics']",/pl/job/data-quality-analyst-french-speaking-square-one-resources-remote,16800.0,25200.0,21000.0,True,False
Data Analyst (Senior),Alterdata.io sp. z o.o.,Zdalnie,"['Data', 'SQL', 'Język angielski', 'Data modelling']",/pl/job/data-analyst-senior-alterdata-io-remote,19320.0,26880.0,23100.0,True,True
Data Science Analyst,Margo,Warszawa,"['Data', 'Python', 'pandas', 'Matplotlib']",/pl/job/data-science-analyst-margo-warszawa,19320.0,20160.0,19740.0,False,False
Senior Data Business Analyst,Link Group,Zdalnie,"['Data', 'SQL', 'Snowflake', 'dbt']",/pl/job/senior-data-business-analyst-link-group-remote,21000.0,25200.0,23100.0,True,False
Data Analyst - Afternoon shift,SpotOn,Kraków,"['Data', 'SQL', 'Power BI', 'angielski']",/pl/job/data-analyst-afternoon-shift-spoton-cracow,12500.0,15700.0,14100.0,False,True
Data Analyst (Mid),Alterdata.io sp. z o.o.,Zdalnie,"['Data', 'SQL', 'Język angielski', 'Data modelling']",/pl/job/data-analyst-mid-alterdata-io-remote,12600.0,18480.0,15540.0,True,True
Aladdin Data Analyst,ITFS Sp. z o.o.,Zdalnie,"['Inne IT', 'Alladin', 'Alladin data cloud', 'angielski']",/pl/job/aladdin-data-analyst-itfs-remote,21840.0,25200.0,23520.0,True,True
Data Analyst - Data Excellence,Ledgebrook,Zdalnie,"['Data', 'SQL', 'Power BI', 'Power Query']",/pl/job/data-analyst-data-excellence-ledgebrook-remote,12500.0,15850.0,14175.0,True,False
Clinical Data Analyst,Ework Group,Zdalnie,"['Data', 'SQL', 'Databricks', 'Python']",/pl/job/clinical-data-analyst-ework-group-remote,28896.0,31080.0,29988.0,True,False
Data Analyst,Ework Group,Gdańsk,"['Data', 'SQL', 'Hive', 'Data analysis']",/pl/job/data-analyst-ework-group-gdansk-3,21840.0,25200.0,23520.0,False,False
Data Business Analyst,DCG,Gdynia,"['Data', 'SQL', 'Hive', 'Spark']",/pl/job/data-business-analyst-dcg-gdynia,21840.0,22680.0,22260.0,False,False
Senior IT Analyst – Data & ML Solutions,Ework Group,Gdańsk,"['Data', 'AWS', 'AWS SageMaker', 'Data analysis']",/pl/job/senior-it-analyst-data-ml-solutions-ework-group-gdansk,21000.0,25200.0,23100.0,False,False
Data Analyst – Data Quality & Controls,Antal,Kraków,"['Data', 'SQL', 'Excel', 'Analytical skills']",/pl/job/data-analyst-data-quality-controls-antal-krakow,,,,False,False
Senior Financial Data Analyst,Devire,Poznań,"['Data', 'Degree', 'Accounting', 'Data analysis']",/pl/job/senior-financial-data-analyst-devire-poznan,10000.0,15000.0,12500.0,False,False
Data Analyst with German,Harvey Nash Technology,Zdalnie,"['Data', 'Tableau', 'Power BI', 'BI']",/pl/job/data-analyst-with-german-harvey-nash-technology-remote,25200.0,31920.0,28560.0,True,False
HR Data & Reporting Analyst,Capgemini Polska Sp. z o.o.,Kraków,"['Business Intelligence', 'Reporting', 'Analytics', 'Workday']",/pl/job/hr-data-reporting-analyst-capgemini-polska-krakow,,,,False,False
Data Analyst,Ework Group,Warszawa,"['Data', 'SQL', 'DB', 'ETL']",/pl/job/data-analyst-ework-group-warszawa-5,21840.0,25200.0,23520.0,False,False
Manufacturing Data & Systems Analyst,Link Group,Zdalnie,"['Data', 'SQL', 'Python', 'Data modeling']",/pl/job/manufacturing-data-systems-analyst-link-group-remote,21840.0,26880.0,24360.0,True,False
Data and Financial Engineering Analyst,Mindbox Sp. z o.o.,Kraków,"['Data', 'Python', 'SQL', 'Jira']",/pl/job/data-and-financial-engineering-analyst-mindbox-krakow,16800.0,22680.0,19740.0,False,False
Data Quality Analyst Workday PRISM,Connectis_,Zdalnie,"['Data', 'Workday prism', 'Workday HCM', 'Excel']",/pl/job/data-quality-analyst-workday-prism-connectis--remote,28500.0,32500.0,30500.0,True,False
Senior Data Quality Management Analyst – BA,Mindbox Sp. z o.o.,Kraków,"['Testing', 'GCP', 'BigQuery', 'Cloud']",/pl/job/senior-data-quality-management-analyst-ba-mindbox-krakow,21000.0,25200.0,23100.0,False,False
Data Analyst,Mindbox Sp. z o.o.,Kraków,"['Data', 'Excel', 'Power Query', 'Power Pivot']",/pl/job/data-analyst-mindbox-krakow-4,21000.0,26880.0,23940.0,False,False
Data Analyst [M/F],Arche Solutions,Kraków,"['Data', 'SQL', 'Data analytics', 'angielski']",/pl/job/data-analyst-m-f-arche-solutions-krakow,21840.0,26880.0,24360.0,False,True
BI/Data Analyst,Innowise,Warszawa,"['Data', 'BI', 'SQL', 'Python']",/pl/job/bi-data-analyst-innowise-warszawa-1,,,,False,False
Data Visualization Analyst,Verita HR,Kraków,"['Data', 'SQL', 'Data visualization', 'Dashboarding']",/pl/job/data-visualization-analyst-verita-hr-krakow,25000.0,29000.0,27000.0,False,False
Data Analyst (Mid),Alterdata.io sp. z o.o.,Zdalnie,"['Data', 'SQL', 'Język angielski', 'Data modelling']",/pl/job/data-analyst-mid-alterdata-io-remote,12600.0,18480.0,15540.0,True,True
Aladdin Data Analyst,ITFS Sp. z o.o.,Zdalnie,"['Inne IT', 'Alladin', 'Alladin data cloud', 'angielski']",/pl/job/aladdin-data-analyst-itfs-remote,21840.0,25200.0,23520.0,True,True
Data Analyst - Data Excellence,Ledgebrook,Zdalnie,"['Data', 'SQL', 'Power BI', 'Power Query']",/pl/job/data-analyst-data-excellence-ledgebrook-remote,12500.0,15850.0,14175.0,True,False
Clinical Data Analyst,Ework Group,Zdalnie,"['Data', 'SQL', 'Databricks', 'Python']",/pl/job/clinical-data-analyst-ework-group-remote,28896.0,31080.0,29988.0,True,False
Data Analyst,Ework Group,Gdańsk,"['Data', 'SQL', 'Hive', 'Data analysis']",/pl/job/data-analyst-ework-group-gdansk-3,21840.0,25200.0,23520.0,False,False
Data Business Analyst,DCG,Gdynia,"['Data', 'SQL', 'Hive', 'Spark']",/pl/job/data-business-analyst-dcg-gdynia,21840.0,22680.0,22260.0,False,False
Senior IT Analyst – Data & ML Solutions,Ework Group,Gdańsk,"['Data', 'AWS', 'AWS SageMaker', 'Data analysis']",/pl/job/senior-it-analyst-data-ml-solutions-ework-group-gdansk,21000.0,25200.0,23100.0,False,False
Data Analyst – Data Quality & Controls,Antal,Kraków,"['Data', 'SQL', 'Excel', 'Analytical skills']",/pl/job/data-analyst-data-quality-controls-antal-krakow,,,,False,False
Senior Financial Data Analyst,Devire,Poznań,"['Data', 'Degree', 'Accounting', 'Data analysis']",/pl/job/senior-financial-data-analyst-devire-poznan,10000.0,15000.0,12500.0,False,False
Data Analyst with German,Harvey Nash Technology,Zdalnie,"['Data', 'Tableau', 'Power BI', 'BI']",/pl/job/data-analyst-with-german-harvey-nash-technology-remote,25200.0,31920.0,28560.0,True,False
HR Data & Reporting Analyst,Capgemini Polska Sp. z o.o.,Kraków,"['Business Intelligence', 'Reporting', 'Analytics', 'Workday']",/pl/job/hr-data-reporting-analyst-capgemini-polska-krakow,,,,False,False
Data Analyst,Ework Group,Warszawa,"['Data', 'SQL', 'DB', 'ETL']",/pl/job/data-analyst-ework-group-warszawa-5,21840.0,25200.0,23520.0,False,False
Manufacturing Data & Systems Analyst,Link Group,Zdalnie,"['Data', 'SQL', 'Python', 'Data modeling']",/pl/job/manufacturing-data-systems-analyst-link-group-remote,21840.0,26880.0,24360.0,True,False
Data and Financial Engineering Analyst,Mindbox Sp. z o.o.,Kraków,"['Data', 'Python', 'SQL', 'Jira']",/pl/job/data-and-financial-engineering-analyst-mindbox-krakow,16800.0,22680.0,19740.0,False,False
Data Quality Analyst Workday PRISM,Connectis_,Zdalnie,"['Data', 'Workday prism', 'Workday HCM', 'Excel']",/pl/job/data-quality-analyst-workday-prism-connectis--remote,28500.0,32500.0,30500.0,True,False
Senior Data Quality Management Analyst – BA,Mindbox Sp. z o.o.,Kraków,"['Testing', 'GCP', 'BigQuery', 'Cloud']",/pl/job/senior-data-quality-management-analyst-ba-mindbox-krakow,21000.0,25200.0,23100.0,False,False
Data Analyst,Mindbox Sp. z o.o.,Kraków,"['Data', 'Excel', 'Power Query', 'Power Pivot']",/pl/job/data-analyst-mindbox-krakow-4,21000.0,26880.0,23940.0,False,False
Data Analyst [M/F],Arche Solutions,Kraków,"['Data', 'SQL', 'Data analytics', 'angielski']",/pl/job/data-analyst-m-f-arche-solutions-krakow,21840.0,26880.0,24360.0,False,True
BI/Data Analyst,Innowise,Warszawa,"['Data', 'BI', 'SQL', 'Python']",/pl/job/bi-data-analyst-innowise-warszawa-1,,,,False,False
Data Visualization Analyst,Verita HR,Kraków,"['Data', 'SQL', 'Data visualization', 'Dashboarding']",/pl/job/data-visualization-analyst-verita-hr-krakow,25000.0,29000.0,27000.0,False,False
"Data Analyst (Process Mining, BI)",Capgemini,Kraków,"['Data', 'BI', 'Data visualization', 'SAP']",/pl/job/data-analyst-process-mining-bi-capgemini-krakow,,,,False,False
Data Analyst,Verita HR,Kraków,"['Data', 'SQL', 'Data visualization', 'Dashboarding']",/pl/job/data-analyst-verita-hr-krakow-2,25000.0,29000.0,27000.0,False,False
Business Data Analyst,Holisticon Connect,Zdalnie,"['Business Analysis', 'Data analytics', 'BI', 'Power BI']",/pl/job/business-data-analyst-holisticon-connect-remote,18480.0,23520.0,21000.0,True,False
Senior Product Analyst  NOWA,Xebia sp. z o.o.,Zdalnie,"['Business Analysis', 'SQL', 'Python', 'Data analysis']",/pl/job/senior-product-analyst-xebia-remote-1,21840.0,30240.0,26040.0,True,False
Lead Analytics Consultant  NOWA,Xebia sp. z o.o.,Zdalnie,"['Data', 'Python', 'Spark', 'Azure']",/pl/job/lead-analytics-consultant-xebia-remote-2,18480.0,31920.0,25200.0,True,False
Business Expert – Risk Analytics (m/f/d),CommerzBank,Łódź,"['Business Analysis', 'Degree', 'GRC', 'SQL']",/pl/job/business-expert-risk-analytics-m-f-d-commerzbank-lodz,,,,False,False
Data & Analytics Consultant (Databricks / Azure),Appstronauts,Zdalnie,"['Data', 'Apache', 'Spark', 'SQL']",/pl/job/data-analytics-consultant-databricks-azure-appstronauts-remote,18480.0,26040.0,22260.0,True,False
Analityk/-czka Danych - Dział Analiz i Rozwoju Danych,T-Mobile Polska,Warszawa,"['Data', 'System analyst', 'SQL', 'BigQuery']",/pl/job/analityk-czka-danych-dzial-analiz-i-rozwoju-danych-t-mobile-polska-warszawa,,,,False,False
People Analytics Specialist (Data & Strategy),Antal,Wrocław,"['HR', 'Business Intelligence', 'Data analytics', 'HR analytics']",/pl/job/people-analytics-specialist-data-strategy-antal-wroclaw,,,,False,False
Data & Business Analytics Consultant (Controlling),Elitmind,Zdalnie,"['Data', 'System analysis', 'AI', 'Data analysis']",/pl/job/data-business-analytics-consultant-controlling-elitmind-remote,16800.0,25200.0,21000.0,True,False
"Data Analyst (Process Mining, BI)",Capgemini,Kraków,"['Data', 'BI', 'Data visualization', 'SAP']",/pl/job/data-analyst-process-mining-bi-capgemini-krakow,,,,False,False
Data Analyst,Verita HR,Kraków,"['Data', 'SQL', 'Data visualization', 'Dashboarding']",/pl/job/data-analyst-verita-hr-krakow-2,25000.0,29000.0,27000.0,False,False
Business Data Analyst,Holisticon Connect,Zdalnie,"['Business Analysis', 'Data analytics', 'BI', 'Power BI']",/pl/job/business-data-analyst-holisticon-connect-remote,18480.0,23520.0,21000.0,True,False
Senior Product Analyst  NOWA,Xebia sp. z o.o.,Zdalnie,"['Business Analysis', 'SQL', 'Python', 'Data analysis']",/pl/job/senior-product-analyst-xebia-remote-1,21840.0,30240.0,26040.0,True,False
Lead Analytics Consultant  NOWA,Xebia sp. z o.o.,Zdalnie,"['Data', 'Python', 'Spark', 'Azure']",/pl/job/lead-analytics-consultant-xebia-remote-2,18480.0,31920.0,25200.0,True,False
Business Expert – Risk Analytics (m/f/d),CommerzBank,Łódź,"['Business Analysis', 'Degree', 'GRC', 'SQL']",/pl/job/business-expert-risk-analytics-m-f-d-commerzbank-lodz,,,,False,False
Data & Analytics Consultant (Databricks / Azure),Appstronauts,Zdalnie,"['Data', 'Apache', 'Spark', 'SQL']",/pl/job/data-analytics-consultant-databricks-azure-appstronauts-remote,18480.0,26040.0,22260.0,True,False
Analityk/-czka Danych - Dział Analiz i Rozwoju Danych,T-Mobile Polska,Warszawa,"['Data', 'System analyst', 'SQL', 'BigQuery']",/pl/job/analityk-czka-danych-dzial-analiz-i-rozwoju-danych-t-mobile-polska-warszawa,,,,False,False
People Analytics Specialist (Data & Strategy),Antal,Wrocław,"['HR', 'Business Intelligence', 'Data analytics', 'HR analytics']",/pl/job/people-analytics-specialist-data-strategy-antal-wroclaw,,,,False,False
Data & Business Analytics Consultant (Controlling),Elitmind,Zdalnie,"['Data', 'System analysis', 'AI', 'Data analysis']",/pl/job/data-business-analytics-consultant-controlling-elitmind-remote,16800.0,25200.0,21000.0,True,False
Business Operations Analyst - RDT EPIE,Roche,Warszawa,"['Business Analysis', 'Business analysis', 'Stakeholder management', 'Communication skills']",/pl/job/business-operations-analyst-rdt-epie-roche-warszawa,14175.0,26325.0,20250.0,False,False
Business Operations Analyst - RDT EPIE,Roche,Warszawa,"['Business Analysis', 'Business analysis', 'Stakeholder management', 'Communication skills']",/pl/job/business-operations-analyst-rdt-epie-roche-warszawa,14175.0,26325.0,20250.0,False,False
Business and Systems Analyst,Scalo,Warszawa,"['Data', 'BPMN', 'UML', 'UI']",/pl/job/business-and-systems-analyst-scalo-warszawa,22680.0,24360.0,23520.0,False,False
Business Applications Analyst (Salesforce),Link Group,Warszawa,"['Business Analysis', 'Salesforce', 'Business analysis', 'Functional Consultant']",/pl/job/business-applications-analyst-salesforce-link-group-warszawa,15000.0,23000.0,19000.0,False,False
Business and Systems Analyst,Scalo,Warszawa,"['Data', 'BPMN', 'UML', 'UI']",/pl/job/business-and-systems-analyst-scalo-warszawa,22680.0,24360.0,23520.0,False,False
Business Applications Analyst (Salesforce),Link Group,Warszawa,"['Business Analysis', 'Salesforce', 'Business analysis', 'Functional Consultant']",/pl/job/business-applications-analyst-salesforce-link-group-warszawa,15000.0,23000.0,19000.0,False,False
System Analyst  NOWA,Scalo,Zdalnie,"['Data', 'Sparx Enterprise Architect', 'SQL', 'PostgreSQL']",/pl/job/system-analyst-scalo-remote-55,23520.0,25200.0,24360.0,True,False
System Analyst  NOWA,Scalo,Warszawa,"['Data', 'UML', 'BPMN', 'REST API']",/pl/job/system-analyst-scalo-warszawa-42,24360.0,26040.0,25200.0,False,False
Specjalista ds. sprawozdawczości i analiz w grupie kapitałowej (K/M)  NOWA,Audit HR,Poznań,"['Finanse', 'MS Office', 'MS Excel', 'angielski']",/pl/job/specjalista-ds-sprawozdawczosci-i-analiz-w-grupie-kapitalowej-k-m-audit-hr-poznan,8000.0,14000.0,11000.0,False,True
Senior System Analyst - AI & Integration  NOWA,Devire,Zdalnie,"['Business Analysis', 'Analiza systemowa', 'REST API', 'Git']",/pl/job/senior-system-analyst-ai-integration-devire-remote,,,,True,False
System Analyst  NOWA,Scalo,Warszawa,"['Data', 'Kafka', 'JSON', 'UML']",/pl/job/system-analyst-scalo-warszawa-41,21840.0,23520.0,22680.0,False,False
Senior System Analyst  NOWA,Antal,Zdalnie,"['Business Analysis', 'DORA', 'NIS2', 'ISO']",/pl/job/senior-system-analyst-antal-remote,,,,True,False
System Analyst  NOWA,Scalo,Warszawa,"['Data', 'XML', 'JSON', 'REST API']",/pl/job/system-analyst-scalo-warszawa-36,16800.0,18480.0,17640.0,False,False
Technology Reporting Analyst - Automation & Innovation Department  NOWA,T-Mobile Polska,Warszawa,"['Business Intelligence', 'BI', 'Power BI', 'SQL']",/pl/job/technology-reporting-analyst-automation-innovation-department-t-mobile-polska-warszawa-2,,,,False,False
System Analyst  NOWA,Scalo,Poznań,"['Data', 'Jira', 'Confluence', 'GitLab']",/pl/job/system-analyst-scalo-poznan-29,21840.0,23520.0,22680.0,False,False
System Analyst,Scalo,Warszawa,"['Data', 'UML', 'BPMN', 'RabbitMQ']",/pl/job/system-analyst-scalo-warszawa-39,23520.0,25200.0,24360.0,False,False
System Analyst,Scalo,Warszawa,"['Data', 'UML', 'BPMN', 'REST API']",/pl/job/system-analyst-scalo-warszawa-38,21840.0,23520.0,22680.0,False,False
System Analyst,Scalo,Zdalnie,"['Data', 'SQL', 'REST API', 'R']",/pl/job/system-analyst-scalo-remote-50,16800.0,18480.0,17640.0,True,False
System Analyst,Link Group,Zdalnie,"['Business Analysis', 'BPMN', 'UML', 'SQL']",/pl/job/system-analyst-link-group-remote-2,18000.0,22500.0,20250.0,True,False
System Analyst,Scalo,Zdalnie,"['Data', 'UML', 'BPMN', 'SQL']",/pl/job/system-analyst-scalo-remote-54,21840.0,23520.0,22680.0,True,False
Analityk/-czka Systemowo-Biznesowy/-a - Salesforce Sales Cloud (B2B),T-Mobile Polska,Warszawa,"['Business Analysis', 'Salesforce', 'Cloud', 'OSI']",/pl/job/analityk-czka-systemowo-biznesowy-a-salesforce-sales-cloud-b2b-t-mobile-polska-warszawa,,,,False,False
IT System Analyst (Senior),Sieć Badawcza Łukasiewicz - Poznański Instytut Technologiczny,Poznań,"['Business Analysis', 'UML', 'Enterprise Architect', 'System analysis']",/pl/job/it-system-analyst-senior-siec-badawcza-lukasiewicz-poznanski-instytut-technologiczny-poznan,,,,False,False
System Analyst,Scalo,Zdalnie,"['Data', 'UML', 'BPMN', 'PostgreSQL']",/pl/job/system-analyst-scalo-remote-52,23520.0,25200.0,24360.0,True,False
System Analyst,Scalo,Warszawa,"['Data', 'Data pipelines', 'SQL', 'GCP']",/pl/job/system-analyst-scalo-warszawa-43,16800.0,18480.0,17640.0,False,False
System Analyst,Diverse CG Sp. z o.o. Sp.k.,Zdalnie,"['Business Analysis', 'System analysis', 'UML', 'angielski']",/pl/job/system-analyst-diverse-cg-sp-k--remote,23520.0,26040.0,24780.0,True,True
System Analyst,Scalo,Zdalnie,"['Data', 'SQL', 'REST API', 'Excel']",/pl/job/system-analyst-scalo-remote-46,16800.0,18480.0,17640.0,True,False
System Analyst – sektor bankowy (f/m/x),Sii Polska,Zdalnie,"['Business Analysis', 'UML', 'BPMN', 'Sparx Systems Enterprise Architect']",/pl/job/system-analyst-sektor-bankowy-f-m-x-sii-polska-remote-2,18000.0,23000.0,20500.0,True,False
System Analyst,Scalo,Zdalnie,"['Data', 'API', 'REST API', 'Kafka']",/pl/job/system-analyst-scalo-remote-53,23520.0,25200.0,24360.0,True,False
System Analyst,Scalo,Poznań,"['Data', 'Enterprise Architect', 'UML', 'BPMN']",/pl/job/system-analyst-scalo-poznan-28,22680.0,24360.0,23520.0,False,False
QA and SDLC Control Analyst  NOWA,Mindbox Sp. z o.o.,Kraków,"['Business Analysis', 'Business Analyst', 'SDLC', 'QA']",/pl/job/qa-and-sdlc-control-analyst-mindbox-krakow,23100.0,29400.0,26250.0,False,False
Control Analyst,Mindbox Sp. z o.o.,Kraków,"['Data', 'Business Analyst', 'Audits', 'Excel']",/pl/job/control-analyst-mindbox-krakow,25200.0,29400.0,27300.0,False,False
Cyber SDLC Governance Analyst,Antal,Kraków,"['Business Analysis', 'Business Analyst', 'IT Control Analyst', 'Change Analyst']",/pl/job/cyber-sdlc-governance-analyst-antal-krakow,,,,False,False
Senior Product Analyst  NOWA,Link Group,Zdalnie,"['Business Analysis', 'Pharma R&D', 'Procesy laboratoryjne', 'Zarządzanie danymi naukowymi']",/pl/job/senior-product-analyst-link-group-remote,19656.0,25200.0,22428.0,True,False
Senior Product Analyst  NOWA,Upvanta,Zdalnie,"['Product Management', 'GXP', 'UAT', 'Jira']",/pl/job/senior-product-analyst-upvanta-remote,24150.0,26880.0,25515.0,True,False
